numero;nombre;color;descripcion
1;azucena;blanca;Tallo subterráneo bulboso y otro aéreo herbáceo, provisto de numerosas hojas
2;azucena;amarilla;Tallo subterráneo bulboso y otro aéreo herbáceo, provisto de numerosas hojas
3;margarita;blanca;Planta herbácea perenne, de hojas crenadas o dentada-redondeadas
4;margarita;rosa;Planta herbácea perenne, de hojas crenadas o dentada-redondeadas
5;margarita;amarilla;Planta herbácea perenne, de hojas crenadas o dentada-redondeadas
6;rosa;roja;Los rosales son arbustos espinosos, que alcanzan de dos a cinco metros de altura
7;rosa;amarilla;Los rosales son arbustos espinosos, que alcanzan de dos a cinco metros de altura
8;violeta;violeta;Es una pequeña planta herbácea que alcanza los 10-15 cm de altura, sin tallo
9;violeta;blanca;Es una pequeña planta herbácea que alcanza los 10-15 cm de altura, sin tallo
